ecosystem,period,Indicator,region,median,high,low,n,boot_low,boot_high
wetland,2019to2021,NO_FUNC_003,Norway,0.4512385258594924,0.5354480409686033,0.3194157193815552,1245,0.43592033744999586,0.4636781285960729
wetland,2019to2021,NO_FUNC_003,Northern,0.4819948894033114,0.543335185754872,0.3392923660198277,380,0.4648255589804476,0.49553201495578425
wetland,2019to2021,NO_FUNC_003,Central,0.440135869992907,0.5344304036058702,0.32108138224501415,330,0.40796413113190194,0.4651879426629255
wetland,2019to2021,NO_FUNC_003,Western,0.4184113262630532,0.5204727671586158,0.32410738110485504,135,0.3972928215130669,0.4623698512621587
wetland,2019to2021,NO_FUNC_003,Eastern,0.43884324421310295,0.5411123251064746,0.3062057693263001,288,0.410325238010504,0.46934145295662666
wetland,2019to2021,NO_FUNC_003,Southern,0.40694005119651744,0.5086585255772996,0.2747201973251781,112,0.37656016119220836,0.4508584295117116
wetland,2022to2024,NO_FUNC_003,Norway,0.4614358391224808,0.5384519221913577,0.33136724990165223,1709,0.4499157330957339,0.47187098069975414
wetland,2022to2024,NO_FUNC_003,Northern,0.4856353118867691,0.5423414894327456,0.35420695550222964,542,0.47411934729701877,0.4979370211287808
wetland,2022to2024,NO_FUNC_003,Central,0.47813329706137636,0.548099258876885,0.3552670320583016,581,0.46293078682211597,0.49206218218450143
wetland,2022to2024,NO_FUNC_003,Western,0.4141384082542386,0.5259504270549384,0.32400790715852695,112,0.3956786569549335,0.466897988732254
wetland,2022to2024,NO_FUNC_003,Eastern,0.4078948380626391,0.5217413344303442,0.28225187625341785,362,0.38791476337652114,0.4357562050725594
wetland,2022to2024,NO_FUNC_003,Southern,0.36780524185538177,0.5119010753363309,0.2976131474212162,112,0.34461997544099765,0.40521286099779563
wetland,cycle1_2019to2024,NO_FUNC_003,Norway,0.45620363968701694,0.5375470732931383,0.32592233131728787,2778,0.44762902943195215,0.46587199600066276
wetland,cycle1_2019to2024,NO_FUNC_003,Northern,0.48596686346251344,0.5427021817187975,0.35126474300473576,863,0.4780683373517659,0.4933862497104366
wetland,cycle1_2019to2024,NO_FUNC_003,Central,0.46521404128952804,0.5453319093916871,0.34283878074717805,858,0.45219528571759515,0.4779667000937591
wetland,cycle1_2019to2024,NO_FUNC_003,Western,0.42345405311700024,0.5245956643154253,0.32703260399205103,226,0.4039154239849243,0.4569589579963481
wetland,cycle1_2019to2024,NO_FUNC_003,Eastern,0.42151581454657017,0.5320696603461782,0.28798681566905154,626,0.4012391422679961,0.4391737458357727
wetland,cycle1_2019to2024,NO_FUNC_003,Southern,0.37917971783538684,0.4936455606557524,0.2777656072674335,205,0.3594350194887707,0.40089986554870194
