ecosystem,ano_round,Indicator,region,median,high,low,n
wetland,round1,fpci.min,Norway,0.45620363968701694,0.5375470732931383,0.32592233131728787,2778
wetland,round1,fpci.min,Northern,0.48596686346251344,0.5427021817187975,0.35126474300473576,863
wetland,round1,fpci.min,Central,0.46521404128952804,0.5453319093916871,0.34283878074717805,858
wetland,round1,fpci.min,Western,0.42345405311700024,0.5245956643154253,0.32703260399205103,226
wetland,round1,fpci.min,Eastern,0.42151581454657017,0.5320696603461782,0.28798681566905154,626
wetland,round1,fpci.min,Southern,0.37917971783538684,0.4936455606557524,0.2777656072674335,205
wetland,round1,Light1,Norway,0.5938082167235181,0.693287308419699,0.5658499836939609,1970
wetland,round1,Light1,Northern,0.5950897553873012,0.6894345264300481,0.5697356843286844,594
wetland,round1,Light1,Central,0.5948204518318074,0.7034047490841187,0.5707633642641798,596
wetland,round1,Light1,Western,0.5976965480870419,0.749790896772385,0.5609693674319314,163
wetland,round1,Light1,Eastern,0.5899795501022501,0.6508194128081691,0.5591931011905166,469
wetland,round1,Light1,Southern,0.593948749079769,0.7186876012575893,0.5608053767145778,148
wetland,round1,Light2,Norway,0.5642135495964937,0.7729644112677828,0.45078004821289724,808
wetland,round1,Light2,Northern,0.5435462574948932,0.706460348458185,0.44117002059190114,269
wetland,round1,Light2,Central,0.574245476295276,0.82835480441175,0.4347854674569289,262
wetland,round1,Light2,Western,0.5733383622685316,0.7261360356124378,0.48014610834842186,63
wetland,round1,Light2,Eastern,0.581036425509732,0.7988381833788627,0.48283918541251725,157
wetland,round1,Light2,Southern,0.5532212267503377,0.8607612373957456,0.4079498423689434,57
wetland,round1,Moist1,Norway,0.5622885824037417,0.6659715182043713,0.5136469756515845,2303
wetland,round1,Moist1,Northern,0.5651678515588854,0.6732714796392453,0.5256409876972453,668
wetland,round1,Moist1,Central,0.5666300384571703,0.689465369957019,0.5023996964587569,771
wetland,round1,Moist1,Western,0.5797262543659427,0.6944749881035381,0.5357068544951101,204
wetland,round1,Moist1,Eastern,0.5477634457251104,0.5982561534253925,0.49582934863411404,488
wetland,round1,Moist1,Southern,0.5584129358692895,0.6730004447615623,0.4706351924113404,172
wetland,round1,Moist2,Norway,0.6923552763850931,0.8710378256283906,0.5368017712068736,475
wetland,round1,Moist2,Northern,0.6459666879202164,0.8532672232947549,0.527554432818171,195
wetland,round1,Moist2,Central,0.7997287858625478,0.9431373649874488,0.5943493471633525,87
wetland,round1,Moist2,Western,0.8436238320961112,0.9023728240527047,0.7202927333153099,22
wetland,round1,Moist2,Eastern,0.5905733496405994,0.7924185392454255,0.48790088181944546,138
wetland,round1,Moist2,Southern,0.8302295180832524,0.9153202217055488,0.6826346803014545,33
wetland,round1,pH1,Norway,0.47015138826729985,0.6672746011949943,0.3263342442456282,2138
wetland,round1,pH1,Northern,0.5031972124623214,0.685178029405392,0.3448145006324459,586
wetland,round1,pH1,Central,0.4922097181459237,0.6714736962932504,0.3539145801483974,699
wetland,round1,pH1,Western,0.4636234768360837,0.6087425066454196,0.33517275512063766,211
wetland,round1,pH1,Eastern,0.3965910502821451,0.6599741004183443,0.2609286150411554,459
wetland,round1,pH1,Southern,0.4138322640097307,0.5946849479164591,0.2920400528380247,183
wetland,round1,pH2,Norway,0.7208794891415329,0.8709029137710833,0.5709832146402383,640
wetland,round1,pH2,Northern,0.6204834027986297,0.8326579775302112,0.553697017609699,277
wetland,round1,pH2,Central,0.7932138236523832,0.9005797947005321,0.5964487202159777,159
wetland,round1,pH2,Western,0.7958103678181954,0.8510614809237923,0.5943912643231692,15
wetland,round1,pH2,Eastern,0.7765522423928943,0.8919898542175368,0.5796839826550746,167
wetland,round1,pH2,Southern,0.635675713683809,0.8074822201032512,0.5275594395342181,22
wetland,round1,Nitrogen1,Norway,0.7376937752519079,0.8729158077737083,0.5393147496364783,1632
wetland,round1,Nitrogen1,Northern,0.8124039886680334,0.9100828302154926,0.6105567124051614,410
wetland,round1,Nitrogen1,Central,0.7576865781572223,0.8668344619140278,0.6540405540196768,545
wetland,round1,Nitrogen1,Western,0.7214194994277889,0.8634673195198348,0.5696968610056008,165
wetland,round1,Nitrogen1,Eastern,0.6485277115753337,0.8108795764679676,0.3633695704396458,361
wetland,round1,Nitrogen1,Southern,0.7029622195781194,0.8398897086467723,0.4452879784417346,151
wetland,round1,Nitrogen2,Norway,0.6218194327558692,0.8184889334746639,0.5640930657666325,1146
wetland,round1,Nitrogen2,Northern,0.5990004333235823,0.8050864798245059,0.5564671814671814,453
wetland,round1,Nitrogen2,Central,0.5977736862952259,0.8513668662917205,0.5687095546250476,313
wetland,round1,Nitrogen2,Western,0.7300802943870079,0.9469157705947967,0.586148752845717,61
wetland,round1,Nitrogen2,Eastern,0.6129449103979623,0.7809987033148433,0.5608558449973488,265
wetland,round1,Nitrogen2,Southern,0.6768915331386421,0.8418299653289045,0.5931511904026054,54
wetland,round2,fpci.min,Norway,0.4542428304839824,0.5383400541695293,0.34732796109303343,176
wetland,round2,fpci.min,Northern,0.42621625322128387,0.5521126979307402,0.3496367241578334,59
wetland,round2,fpci.min,Central,0.4858015928477325,0.5347055691355113,0.37951786859445524,53
wetland,round2,fpci.min,Western,0.3715078106666811,0.4632941136706885,0.2666748414871227,21
wetland,round2,fpci.min,Eastern,0.4551766159425009,0.5317046438977008,0.32235548311759077,24
wetland,round2,fpci.min,Southern,0.5203649966912094,0.5557604041937322,0.4580497273283758,19
wetland,round2,Light1,Norway,0.5927935067230921,0.7071150048382401,0.5600380985392428,114
wetland,round2,Light1,Northern,0.5834186921345532,0.7156726089024172,0.5514142289281453,35
wetland,round2,Light1,Central,0.6138156637837788,0.6947289368442512,0.5851410505719409,34
wetland,round2,Light1,Western,0.667570492820761,0.7152222393717341,0.5713164526298079,13
wetland,round2,Light1,Eastern,0.5908621452325666,0.8057687612007871,0.5505448867758823,18
wetland,round2,Light1,Southern,0.5876983039884842,0.6220525743922397,0.5598954516343448,14
wetland,round2,Light2,Norway,0.5606699611636266,0.7689458611415093,0.44797152687195685,62
wetland,round2,Light2,Northern,0.5362893766457337,0.7358322568811989,0.4007706448338958,24
wetland,round2,Light2,Central,0.6815637967097405,0.7402369219170319,0.4896539725536761,19
wetland,round2,Light2,Western,0.7450964596881307,0.9634972884485586,0.5070359451135609,8
wetland,round2,Light2,Eastern,0.5788193107420765,0.8646417612710213,0.4479605633050956,6
wetland,round2,Light2,Southern,0.538267153125689,0.6257502991291342,0.5353364789707393,5
wetland,round2,Moist1,Norway,0.5697575974326661,0.6877285490710306,0.5164996355287976,142
wetland,round2,Moist1,Northern,0.5717547201546463,0.6876005353233571,0.5281008487239234,43
wetland,round2,Moist1,Central,0.5728281996934087,0.7329092440880001,0.49837810516513437,49
wetland,round2,Moist1,Western,0.5703429319127589,0.6016124177015892,0.528622981166295,18
wetland,round2,Moist1,Eastern,0.5560837672931036,0.6129222432799577,0.5165365419895178,20
wetland,round2,Moist1,Southern,0.5722425372870645,0.6988155345133642,0.536120023885405,12
wetland,round2,Moist2,Norway,0.7580983194990626,0.8462760071046304,0.5455668295736997,34
wetland,round2,Moist2,Northern,0.7478589967945358,0.8225739532518361,0.5676814232309377,16
wetland,round2,Moist2,Central,0.8109643047325589,0.8634206182948206,0.7712752612788083,4
wetland,round2,Moist2,Western,0.9266467712725766,0.9491126547113093,0.881307513823412,3
wetland,round2,Moist2,Eastern,0.47589893761048474,0.5093669770269765,0.45510744924947466,4
wetland,round2,Moist2,Southern,0.7159818600728964,0.844878204422647,0.5624563571522562,7
wetland,round2,pH1,Norway,0.437684142727241,0.6487997798044346,0.3332488366241525,124
wetland,round2,pH1,Northern,0.3883757975764856,0.5175728905577932,0.312137410136617,36
wetland,round2,pH1,Central,0.5328032694988215,0.7232476178675263,0.3818519567673506,39
wetland,round2,pH1,Western,0.3833060622999136,0.5002519575463984,0.3178732320416542,21
wetland,round2,pH1,Eastern,0.42479786547542625,0.7665991576586733,0.2834459372772748,15
wetland,round2,pH1,Southern,0.5429552754098572,0.6895334609250524,0.36380062701292587,13
wetland,round2,pH2,Norway,0.6799452981801832,0.8040000119923693,0.5212422788616949,52
wetland,round2,pH2,Northern,0.6971841272113655,0.8557339388704013,0.5116616765608311,23
wetland,round2,pH2,Central,0.7197017492634656,0.78902022062485,0.5786584160942513,14
wetland,round2,pH2,Western,NA,NA,NA,0
wetland,round2,pH2,Eastern,0.661376397391457,0.8062444729952146,0.523729321970891,9
wetland,round2,pH2,Southern,0.5720652155262997,0.6655553943497886,0.5269021721952761,6
wetland,round2,Nitrogen1,Norway,0.7276315002632137,0.840686044911969,0.607132056228662,98
wetland,round2,Nitrogen1,Northern,0.7376684629958233,0.89916434316842,0.5576945972998345,32
wetland,round2,Nitrogen1,Central,0.7155068302612095,0.8180643113932253,0.6495416282752797,30
wetland,round2,Nitrogen1,Western,0.7274503371803078,0.7877422840828716,0.6481806612336194,19
wetland,round2,Nitrogen1,Eastern,0.6747515098595851,0.7341950885197879,0.6011087761948323,10
wetland,round2,Nitrogen1,Southern,0.7477917929787583,0.815137196625678,0.7257989484311241,7
wetland,round2,Nitrogen2,Norway,0.6768915331386421,0.8501902950504334,0.5712259155827116,78
wetland,round2,Nitrogen2,Northern,0.6768915331386421,0.8761761738341991,0.5803527045719635,27
wetland,round2,Nitrogen2,Central,0.6519052523171995,0.9212833468522603,0.5715058852194774,23
wetland,round2,Nitrogen2,Western,0.6443368015552648,0.6872085479711363,0.6014650551393933,2
wetland,round2,Nitrogen2,Eastern,0.6161248674282025,0.6728815912641228,0.5453316924543399,14
wetland,round2,Nitrogen2,Southern,0.7247238305930488,0.8486353789685599,0.6768915331386421,12
